email,domain,firm,city,country,website,source,consent
me@company.com,company.com,INP Group,Melbourne,AU,https://inpgroup.com.au/about-us,apify xero-advisor 2026-09-16,NONE — scraped directory
jen@digit.business,digit.business,Digit,Perth,AU,http://www.digitbooks.com.au/our-services/digit-books-and-xero,apify xero-advisor 2026-09-16,NONE — scraped directory
nate@tomorrow-happens.studio,tomorrow-happens.studio,The Breakthrough Office,Sydney,AU,https://www.thebreakthroughoffice.com.au,apify xero-advisor 2026-09-16,NONE — scraped directory
ceo@xero.com,xero.com,Digit,Perth,AU,http://www.digitbooks.com.au/our-services/digit-books-and-xero,apify xero-advisor 2026-09-16,NONE — scraped directory
brent@3rdarmadmin.co.nz,3rdarmadmin.co.nz,3rd Arm Admin Limited,Porirua,NZ,http://www.3rdarmadmin.co.nz,apify xero-advisor 2026-09-16,NONE — scraped directory
kate@absl.org.nz,absl.org.nz,Absolute Bookkeeping Services Limited,,NZ,http://www.absl.org.nz,apify xero-advisor 2026-09-16,NONE — scraped directory
jessica@acbk.co.nz,acbk.co.nz,Accountable Bookkeeping Limited,Auckland,NZ,https://www.acbk.co.nz,apify xero-advisor 2026-09-16,NONE — scraped directory
patsy@accountabilitynet.co.nz,accountabilitynet.co.nz,Accountability Net Limited,Rosedale,NZ,http://www.accountabilitynet.co.nz,apify xero-advisor 2026-09-16,NONE — scraped directory
simon@accountech.co.nz,accountech.co.nz,Accountech,Warkworth,NZ,https://www.accountech.co.nz,apify xero-advisor 2026-09-16,NONE — scraped directory
martyn.s@accounted4.co.nz,accounted4.co.nz,Accounted4,Cambridge,NZ,http://www.accounted4.co.nz,apify xero-advisor 2026-09-16,NONE — scraped directory
mlaing@accounting.co.nz,accounting.co.nz,Kendons Business Advisors,Christchurch,NZ,http://www.accounting.co.nz,apify xero-advisor 2026-09-16,NONE — scraped directory
stuart@accountingsolutions.nz,accountingsolutions.nz,Broadway Accounting Solutions Limited,Palmerston North,NZ,https://www.accountingsolutions.nz,apify xero-advisor 2026-09-16,NONE — scraped directory
action@active2001.co.nz,active2001.co.nz,Active 2001 Limited,Lower Hutt,NZ,http://www.active2001.co.nz,apify xero-advisor 2026-09-16,NONE — scraped directory
dawn@adaptac.co.nz,adaptac.co.nz,Adapt Accounting Limited,Havelock North,NZ,http://www.adaptac.co.nz,apify xero-advisor 2026-09-16,NONE — scraped directory
chantelle@adminsolution.co.nz,adminsolution.co.nz,Admin & Accounting Solutions Ltd,Tauranga,NZ,http://www.adminsolution.co.nz,apify xero-advisor 2026-09-16,NONE — scraped directory
ben@afsl.nz,afsl.nz,Accounting for Schools Limited,Te Aro,NZ,http://www.accountingforschools.co.nz,apify xero-advisor 2026-09-16,NONE — scraped directory
campbell@agrifocus.co.nz,agrifocus.co.nz,Agrifocus Ltd,Invercargill,NZ,https://www.agrifocus.co.nz,apify xero-advisor 2026-09-16,NONE — scraped directory
email@aingertomlin.co.nz,aingertomlin.co.nz,Ainger Tomlin Ltd,Christchurch,NZ,http://www.aingertomlin.co.nz/accounting-software,apify xero-advisor 2026-09-16,NONE — scraped directory
tony@ajwood.co.nz,ajwood.co.nz,A J Wood Chartered Accountants,Oamaru,NZ,http://ajwood.co.nz,apify xero-advisor 2026-09-16,NONE — scraped directory
kiaora@akeaccounting.co.nz,akeaccounting.co.nz,Ake Chartered Accountants and Business Advisors,Whakatāne,NZ,http://www.akeaccounting.co.nz,apify xero-advisor 2026-09-16,NONE — scraped directory
sonia@allaccounts.co.nz,allaccounts.co.nz,All Accounts Matter Ltd,Wakefield,NZ,http://www.allaccounts.co.nz/home,apify xero-advisor 2026-09-16,NONE — scraped directory
andrew@anthempartners.co.nz,anthempartners.co.nz,Anthem Partners,Christchurch,NZ,https://www.anthempartners.co.nz,apify xero-advisor 2026-09-16,NONE — scraped directory
myla@apexaccounting.co.nz,apexaccounting.co.nz,Apex Accountancy Limited,Auckland,NZ,https://www.apexaccounting.co.nz,apify xero-advisor 2026-09-16,NONE — scraped directory
neil@armson.co.nz,armson.co.nz,ARMSTRONG HOTCHIN & CO,Auckland,NZ,http://www.armson.co.nz,apify xero-advisor 2026-09-16,NONE — scraped directory
ars@arshort.co.nz,arshort.co.nz,A R Short & Co,Palmerston North,NZ,https://www.arshort.co.nz,apify xero-advisor 2026-09-16,NONE — scraped directory
mike@ascend.net.nz,ascend.net.nz,Ascend,Napier,NZ,https://www.ascend.net.nz,apify xero-advisor 2026-09-16,NONE — scraped directory
andrew.keys@ashtonwheelans.co.nz,ashtonwheelans.co.nz,Ashton Wheelans Limited Kaiapoi,Kaiapoi,NZ,https://www.ashtonwheelans.co.nz,apify xero-advisor 2026-09-16,NONE — scraped directory
steve@auctus.co.nz,auctus.co.nz,Auctus LP,Hamilton,NZ,https://www.auctus.co.nz,apify xero-advisor 2026-09-16,NONE — scraped directory
gavin@austins-associates.co.nz,austins-associates.co.nz,Austin & Associates,Whangarei,NZ,https://austinandassociates.co.nz,apify xero-advisor 2026-09-16,NONE — scraped directory
david@baileyingham.co.nz,baileyingham.co.nz,Bailey Ingham Ltd,Otorohanga,NZ,http://www.baileyingham.co.nz,apify xero-advisor 2026-09-16,NONE — scraped directory
hamish@bakeraccounting.co.nz,bakeraccounting.co.nz,Baker Accounting Limited,Auckland,NZ,https://bakeraccounting.co.nz,apify xero-advisor 2026-09-16,NONE — scraped directory
craig@balanceca.nz,balanceca.nz,Balance Chartered Accountants,Whanganui,NZ,https://balanceca.nz,apify xero-advisor 2026-09-16,NONE — scraped directory
julie.findlay@balanced.net.nz,balanced.net.nz,Balanced Accountancy Services Ltd,Invercargill,NZ,http://www.invercargillaccountant.co.nz/contact,apify xero-advisor 2026-09-16,NONE — scraped directory
julie@balanced.nz,balanced.nz,Balanced Accountancy Services Ltd,Invercargill,NZ,http://www.invercargillaccountant.co.nz/contact,apify xero-advisor 2026-09-16,NONE — scraped directory
tracey@barlowmccormack.co.nz,barlowmccormack.co.nz,Barlow McCormack Limited,Lower Hutt,NZ,http://www.barlowmccormack.co.nz,apify xero-advisor 2026-09-16,NONE — scraped directory
thomas@bcca.co.nz,bcca.co.nz,Bendall and Cant Chartered Accountants,Auckland,NZ,http://www.bcca.co.nz,apify xero-advisor 2026-09-16,NONE — scraped directory
northland@bdo.co.nz,bdo.co.nz,BDO Northland Limited,Kerikeri,NZ,https://www.bdo.nz/en-nz/locations/northland,apify xero-advisor 2026-09-16,NONE — scraped directory
melanie@bennettadvisory.co.nz,bennettadvisory.co.nz,Bennett Advisory Ltd,Auckland,NZ,http://www.bennettadvisory.co.nz,apify xero-advisor 2026-09-16,NONE — scraped directory
sr@bennettcurrie.co.nz,bennettcurrie.co.nz,Bennett Currie,Palmerston North,NZ,http://www.bennettcurrie.co.nz,apify xero-advisor 2026-09-16,NONE — scraped directory
profit@betterbusiness.co.nz,betterbusiness.co.nz,Better Business Accountants,Dunedin,NZ,http://www.betterbusiness.co.nz,apify xero-advisor 2026-09-16,NONE — scraped directory
kathy@betterwayltd.co.nz,betterwayltd.co.nz,Kathy Mitchell - Better Way Ltd,,NZ,http://www.betterwayltd.co.nz,apify xero-advisor 2026-09-16,NONE — scraped directory
apical.support@beyondexpectations.co.nz,beyondexpectations.co.nz,Beyond Expectations Ltd,Auckland,NZ,http://www.beyondexpectations.co.nz,apify xero-advisor 2026-09-16,NONE — scraped directory
jana@beyondthebooks.co.nz,beyondthebooks.co.nz,Beyond the Books....Accountants Limited,Auckland,NZ,http://www.beyondthebooks.co.nz,apify xero-advisor 2026-09-16,NONE — scraped directory
mark@bizdom.co.nz,bizdom.co.nz,Bizdom,Napier,NZ,https://www.bizdom.co.nz,apify xero-advisor 2026-09-16,NONE — scraped directory
atesh@bizsolutions.co.nz,bizsolutions.co.nz,Biz Solutions Limited,Auckland,NZ,http://www.bizgroup.co.nz,apify xero-advisor 2026-09-16,NONE — scraped directory
varun@bizwhiz.co.nz,bizwhiz.co.nz,Biz Whiz Advisors Limited,Auckland,NZ,https://bizwhiz.co.nz,apify xero-advisor 2026-09-16,NONE — scraped directory
mark@blackburnegroup.co.nz,blackburnegroup.co.nz,Blackburne Group LP,Taupō,NZ,https://www.blackburnegroup.co.nz,apify xero-advisor 2026-09-16,NONE — scraped directory
hlb@blb.co.nz,blb.co.nz,HLB Mann Judd Limited,Auckland,NZ,http://www.hlb.co.nz,apify xero-advisor 2026-09-16,NONE — scraped directory
alice@blenheimaccounting.co.nz,blenheimaccounting.co.nz,Blenheim Accounting Ltd,Blenheim,NZ,https://www.blenheimaccounting.co.nz,apify xero-advisor 2026-09-16,NONE — scraped directory
boostnestcharteredaccountantsltd@boostnest.kiwi,boostnest.kiwi,BoostNest Chartered Accountants Limited,Wellington,NZ,http://www.boostnest.nz,apify xero-advisor 2026-09-16,NONE — scraped directory
jono@boostnest.nz,boostnest.nz,BoostNest Chartered Accountants Limited,Wellington,NZ,http://www.boostnest.nz,apify xero-advisor 2026-09-16,NONE — scraped directory
danny@bringonmonday.com,bringonmonday.com,Bring On Monday,Mount Maunganui,NZ,https://www.bringonmonday.com,apify xero-advisor 2026-09-16,NONE — scraped directory
%20office@bruntoncropp.co.nz,bruntoncropp.co.nz,Brunton Cropp & Co,Lower Hutt,NZ,https://www.bruntoncropp.co.nz,apify xero-advisor 2026-09-16,NONE — scraped directory
btp@btp.nz,btp.nz,Bishop Toomey & Pfeifer Limited,Christchurch,NZ,http://www.btp.co.nz,apify xero-advisor 2026-09-16,NONE — scraped directory
amber@businessplusone.co.nz,businessplusone.co.nz,Business Plus One Limited,Pukekohe,NZ,https://www.businessplusone.co.nz,apify xero-advisor 2026-09-16,NONE — scraped directory
bvo@bvo.co.nz,bvo.co.nz,Blackmore Virtue & Owens,Auckland,NZ,http://www.bvo.co.nz,apify xero-advisor 2026-09-16,NONE — scraped directory
trevor@campbellca.co.nz,campbellca.co.nz,Campbell & Co Chartered Accountants Limited,Rangiora,NZ,https://www.campbellca.co.nz,apify xero-advisor 2026-09-16,NONE — scraped directory
stella@canterburyaccountants.co.nz,canterburyaccountants.co.nz,Canterbury Accountants,Christchurch,NZ,https://www.canterburyaccountants.co.nz,apify xero-advisor 2026-09-16,NONE — scraped directory
%20admin@carymossman.co.nz,carymossman.co.nz,Cary Mossman Limited,Hastings,NZ,http://www.carymossman.co.nz,apify xero-advisor 2026-09-16,NONE — scraped directory
helen@cca.net.nz,cca.net.nz,Carbery Chartered Accountants Ltd,Auckland,NZ,https://www.cca.net.nz,apify xero-advisor 2026-09-16,NONE — scraped directory
liya@cccatax.co.nz,cccatax.co.nz,CC Chartered Accountants & Tax Specialists,,NZ,http://www.cccatax.co.nz,apify xero-advisor 2026-09-16,NONE — scraped directory
simon@centralaccounting.nz,centralaccounting.nz,Central Accounting,Alexandra,NZ,https://www.centralaccounting.nz,apify xero-advisor 2026-09-16,NONE — scraped directory
tarla@centsable.co.nz,centsable.co.nz,Foundry56 Ltd,Timaru,NZ,https://foundry56.nz,apify xero-advisor 2026-09-16,NONE — scraped directory
julian@cfo4u.co.nz,cfo4u.co.nz,CFO 4 U,Hamilton,NZ,http://www.cfo4u.co.nz,apify xero-advisor 2026-09-16,NONE — scraped directory
craig@cgca.co.nz,cgca.co.nz,Candy Gillespie Limited,Matamata,NZ,http://www.candygillespie.co.nz,apify xero-advisor 2026-09-16,NONE — scraped directory
propertymanager@cgpm.co.nz,cgpm.co.nz,NextGen Accountants,Auckland,NZ,http://clarkegroup.co.nz,apify xero-advisor 2026-09-16,NONE — scraped directory
carole.smith@chestergrey.co.nz,chestergrey.co.nz,Chester Grey Chartered Accountants,Auckland,NZ,http://www.chestergrey.co.nz,apify xero-advisor 2026-09-16,NONE — scraped directory
kishan@clarkegroup.co.nz,clarkegroup.co.nz,NextGen Accountants,Auckland,NZ,http://clarkegroup.co.nz,apify xero-advisor 2026-09-16,NONE — scraped directory
hannah@coastalaccounting.co.nz,coastalaccounting.co.nz,Coastal Accounting Limited,Whangarei,NZ,http://www.coastalaccounting.co.nz,apify xero-advisor 2026-09-16,NONE — scraped directory
tonyc@cochraneaccountants.co.nz,cochraneaccountants.co.nz,Cochrane Accountants Limited,Palmerston North,NZ,https://www.cochraneaccountants.co.nz,apify xero-advisor 2026-09-16,NONE — scraped directory
charter@companydoctors.com,companydoctors.com,Charter Financial Services Limited,Auckland City,NZ,http://www.companydoctors.com,apify xero-advisor 2026-09-16,NONE — scraped directory
steved@compassbp.co.nz,compassbp.co.nz,Compass Business Partners Ltd,Timaru,NZ,http://www.compasspartners.co.nz/home,apify xero-advisor 2026-09-16,NONE — scraped directory
brentdickins@coombesmith.co.nz,coombesmith.co.nz,Coombe Smith (PN) Limited,Palmerston North,NZ,http://www.coombesmith.co.nz,apify xero-advisor 2026-09-16,NONE — scraped directory
jo@coroaccounts.com,coroaccounts.com,Coromandel Accounting Limited,Coromandel,NZ,http://coroaccounts.co.nz,apify xero-advisor 2026-09-16,NONE — scraped directory
erprcgvba@creevnzf.pb.am,creevnzf.pb.am,Perriam & Partners,Christchurch,NZ,http://www.perriams.co.nz,apify xero-advisor 2026-09-16,NONE — scraped directory
xero@crossgroup.co.nz,crossgroup.co.nz,Cross Group,Invercargill,NZ,http://www.crossgroup.co.nz,apify xero-advisor 2026-09-16,NONE — scraped directory
marcus.murdoch@croys.co.nz,croys.co.nz,Croys Ltd,Ashburton,NZ,http://www.croys.co.nz,apify xero-advisor 2026-09-16,NONE — scraped directory
m.robertson@ct.co.nz,ct.co.nz,Campbell Tyson Limited,Pukekohe,NZ,http://www.ct.co.nz,apify xero-advisor 2026-09-16,NONE — scraped directory
david@davidhooperca.co.nz,davidhooperca.co.nz,David Hooper CA Limited,Auckland,NZ,https://www.davidhooperca.co.nz/ourpeople,apify xero-advisor 2026-09-16,NONE — scraped directory
joel@ddmello.co.nz,ddmello.co.nz,D'Mello Chartered Accountants Limited,Auckland,NZ,https://www.ddmello.co.nz,apify xero-advisor 2026-09-16,NONE — scraped directory
bihale@deloitte.co.nz,deloitte.co.nz,Deloitte Rotorua,Rotorua,NZ,http://www.deloitteprivate.co.nz/how-we-help/accounting-and-the-cloud/xero-and-other-accounting-platforms,apify xero-advisor 2026-09-16,NONE — scraped directory
sam@directadvisory.co.nz,directadvisory.co.nz,Direct Advisory,Hamilton,NZ,https://www.directadvisory.co.nz,apify xero-advisor 2026-09-16,NONE — scraped directory
justin@earladvisory.co.nz,earladvisory.co.nz,Earl Advisory Limited,,NZ,http://earladvisory.co.nz,apify xero-advisor 2026-09-16,NONE — scraped directory
justin@earrladvisory.co.nz,earrladvisory.co.nz,Earl Advisory Limited,,NZ,http://earladvisory.co.nz,apify xero-advisor 2026-09-16,NONE — scraped directory
felicity@eceastuteaccounting.co.nz,eceastuteaccounting.co.nz,ECE Astute Accounting,Helensville,NZ,https://www.eceastuteaccounting.co.nz,apify xero-advisor 2026-09-16,NONE — scraped directory
elevationcharteredaccountantslimited@elevationaccountants.nz,elevationaccountants.nz,Elevation Chartered Accountants Limited,Tauranga,NZ,http://taurangaaccountants.co.nz,apify xero-advisor 2026-09-16,NONE — scraped directory
leo.bourke@elliottbourke.co.nz,elliottbourke.co.nz,ElliottBourke & Co,,NZ,http://www.elliottbourke.co.nz,apify xero-advisor 2026-09-16,NONE — scraped directory
your@email.com,email.com,Mackay Bailey Limited,Christchurch,NZ,http://www.mackaybailey.co.nz,apify xero-advisor 2026-09-16,NONE — scraped directory
valerie@emeraldbusiness.co.nz,emeraldbusiness.co.nz,Emerald Business Advisors Limited,Tauranga,NZ,http://www.emeraldbusiness.co.nz,apify xero-advisor 2026-09-16,NONE — scraped directory
kumara@enspiral.com,enspiral.com,Fairground Ltd,Christchurch,NZ,http://www.enspiral.com,apify xero-advisor 2026-09-16,NONE — scraped directory
mytaxinfo@epsomtax.com,epsomtax.com,EpsomTax.com Limited,Parnell,NZ,http://www.epsomtax.com,apify xero-advisor 2026-09-16,NONE — scraped directory
paul@evolutionbusiness.co.nz,evolutionbusiness.co.nz,Urlich Lander Chartered Accountants,Wellington,NZ,https://www.evolutionbusiness.co.nz,apify xero-advisor 2026-09-16,NONE — scraped directory
anthony@evolveaccounting.co.nz,evolveaccounting.co.nz,Evolve Accounting Limited,Kumeū,NZ,https://www.evolveaccounting.co.nz,apify xero-advisor 2026-09-16,NONE — scraped directory
eben@eyebytes.com,eyebytes.com,Marsden Robinson Chow Limited,Auckland,NZ,http://www.mrchow.co.nz,apify xero-advisor 2026-09-16,NONE — scraped directory
darren@f5-ca.com,f5-ca.com,F5 Chartered Accountants,Lincoln,NZ,http://www.f5ca.com,apify xero-advisor 2026-09-16,NONE — scraped directory
wheeler.campbell@feilding.co.nz,feilding.co.nz,Wheeler Campbell,Feilding,NZ,http://www.wcca.co.nz,apify xero-advisor 2026-09-16,NONE — scraped directory
complaints@findex.com.au,findex.com.au,Findex (Northern),Auckland,NZ,https://www.findex.co.nz/home/small-and-medium-business,apify xero-advisor 2026-09-16,NONE — scraped directory
leanna@firstclassaccounts.co.nz,firstclassaccounts.co.nz,First Class Accounts Selwyn Limited,Rolleston,NZ,https://www.firstclassaccounts.co.nz,apify xero-advisor 2026-09-16,NONE — scraped directory
luke@flashpointaccounting.co.nz,flashpointaccounting.co.nz,Flashpoint Accounting Ltd,Mangawhai,NZ,http://www.flashpointaccounting.co.nz,apify xero-advisor 2026-09-16,NONE — scraped directory
c5db71fcaf2a4f0aa1ceaf85f374ff25@flintoffs.co.nz,flintoffs.co.nz,Flintoffs Chartered Accountants,Invercargill,NZ,http://www.flintoffs.co.nz,apify xero-advisor 2026-09-16,NONE — scraped directory
julian.smith@flukerdenton.co.nz,flukerdenton.co.nz,Fluker Denton Limited,Levin,NZ,http://www.flukerdenton.co.nz,apify xero-advisor 2026-09-16,NONE — scraped directory
david@focusonproperty.co.nz,focusonproperty.co.nz,Focus on Property Group Limited,Tauranga,NZ,https://www.focusonproperty.co.nz,apify xero-advisor 2026-09-16,NONE — scraped directory
ant@fordsimpson.co.nz,fordsimpson.co.nz,Ford Simpson Limited,Timaru,NZ,https://www.fordsimpson.co.nz,apify xero-advisor 2026-09-16,NONE — scraped directory
forwardaccountingnzlimited@forwardaccounting.co.nz,forwardaccounting.co.nz,Forward Accounting NZ Ltd,Hastings,NZ,http://www.forwardaccounting.co.nz,apify xero-advisor 2026-09-16,NONE — scraped directory
nick@foundry56.nz,foundry56.nz,Foundry56 Ltd,Timaru,NZ,https://foundry56.nz,apify xero-advisor 2026-09-16,NONE — scraped directory
jane@framer.com,framer.com,Jiten Joshi & Associates Limited T/A Tax Hero Accountants,Auckland,NZ,http://www.taxhero.co.nz,apify xero-advisor 2026-09-16,NONE — scraped directory
chase@frenchandassociates.co.nz,frenchandassociates.co.nz,French & Associates Limited,Dunedin,NZ,https://frenchandassociates.co.nz,apify xero-advisor 2026-09-16,NONE — scraped directory
jacqui@girlfridayltd.co.nz,girlfridayltd.co.nz,Girl Friday Ltd,Oakura,NZ,http://www.girlfridayltd.co.nz,apify xero-advisor 2026-09-16,NONE — scraped directory
accounting@glendinnings.co.nz,glendinnings.co.nz,Glendinnings Chartered Accountants,Palmerston North,NZ,http://www.glendinnings.co.nz,apify xero-advisor 2026-09-16,NONE — scraped directory
johnsmith@gmail.com,gmail.com,Shepherd Hensman Ltd,Hastings,NZ,http://www.shca.co.nz,apify xero-advisor 2026-09-16,NONE — scraped directory
cocciole@gmx.net,gmx.net,Fairground Ltd,Christchurch,NZ,http://www.enspiral.com,apify xero-advisor 2026-09-16,NONE — scraped directory
courtney@graysonca.co.nz,graysonca.co.nz,Grayson & Co Limited,Patumahoe,NZ,http://www.graysonca.co.nz,apify xero-advisor 2026-09-16,NONE — scraped directory
kiaora@greenhawk.co.nz,greenhawk.co.nz,Greenhawk Limited,Auckland,NZ,https://balanced.net,apify xero-advisor 2026-09-16,NONE — scraped directory
greg@gregvca.nz,gregvca.nz,Greg Verhoef Chartered Accountant,Dunedin,NZ,https://www.boostchamps.co.nz,apify xero-advisor 2026-09-16,NONE — scraped directory
harts@harts.co.nz,harts.co.nz,Harts Chartered Accountants,Auckland,NZ,http://www.harts.co.nz,apify xero-advisor 2026-09-16,NONE — scraped directory
melanie@hasslefreebooks.co.nz,hasslefreebooks.co.nz,Hassle Free Bookkeeping and Accounting,Auckland,NZ,https://www.hasslefreebooks.co.nz,apify xero-advisor 2026-09-16,NONE — scraped directory
hcmail@hcpartners.co.nz,hcpartners.co.nz,HC Partners LP,Timaru,NZ,http://www.hcpartners.co.nz,apify xero-advisor 2026-09-16,NONE — scraped directory
hgw@hgw.co.nz,hgw.co.nz,Harvie Green Wyatt,Dunedin,NZ,http://www.hgw.co.nz,apify xero-advisor 2026-09-16,NONE — scraped directory
hippaccountinglimited1@hippaccounting.co.nz,hippaccounting.co.nz,Hipp Accounting Limited,Normanby,NZ,http://www.shaccounting.co.nz,apify xero-advisor 2026-09-16,NONE — scraped directory
hlb@hlb.co.nz,hlb.co.nz,HLB Mann Judd Limited,Auckland,NZ,http://www.hlb.co.nz,apify xero-advisor 2026-09-16,NONE — scraped directory
holly@hollyblairaccounting.com,hollyblairaccounting.com,Holly Blair Accounting,Tirau,NZ,https://www.hollyblairaccounting.com,apify xero-advisor 2026-09-16,NONE — scraped directory
nick@hoogeveen.co.nz,hoogeveen.co.nz,Nick Hoogeveen & Associates,,NZ,http://www.hoogeveen.co.nz,apify xero-advisor 2026-09-16,NONE — scraped directory
geoff@hornbyaccounting.co.nz,hornbyaccounting.co.nz,Hornby Accounting Ltd,Christchurch,NZ,https://www.hornbyaccounting.co.nz,apify xero-advisor 2026-09-16,NONE — scraped directory
sean@hpca.co.nz,hpca.co.nz,HPCA Limited,Auckland,NZ,https://www.hpca.co.nz,apify xero-advisor 2026-09-16,NONE — scraped directory
hphanna@hphanna.co.nz,hphanna.co.nz,HP Hanna Limited,Christchurch,NZ,http://www.hphanna.co.nz,apify xero-advisor 2026-09-16,NONE — scraped directory
hscott@hswaccounting.co.nz,hswaccounting.co.nz,HSW Accountants,Christchurch,NZ,http://www.hswaccounting.co.nz,apify xero-advisor 2026-09-16,NONE — scraped directory
richard@hudsontaylor.co.nz,hudsontaylor.co.nz,Hudson Taylor Chartered Accountants Limited,Wellington,NZ,https://www.hudsontaylor.co.nz,apify xero-advisor 2026-09-16,NONE — scraped directory
services@hughson.co.nz,hughson.co.nz,Hughson & Associates Chartered Accountants,,NZ,http://hughson.co.nz,apify xero-advisor 2026-09-16,NONE — scraped directory
services@hughson.co.nzopening,hughson.co.nzopening,Hughson & Associates Chartered Accountants,,NZ,http://hughson.co.nz,apify xero-advisor 2026-09-16,NONE — scraped directory
mel@iaca.co.nz,iaca.co.nz,Innovative Advisory Limited,Masterton,NZ,https://www.innovativeadvisory.co.nz,apify xero-advisor 2026-09-16,NONE — scraped directory
simon@iclca.co.nz,iclca.co.nz,ICL Chartered Accountants,Alexandra,NZ,http://www.iclca.co.nz,apify xero-advisor 2026-09-16,NONE — scraped directory
renee.miller@insightadvisory.co.nz,insightadvisory.co.nz,Thrive Advisory Limited,Dunedin,NZ,http://www.insightadvisory.co.nz,apify xero-advisor 2026-09-16,NONE — scraped directory
janice@janicehughes.co.nz,janicehughes.co.nz,Janice Hughes Limited,Invercargill,NZ,http://www.janicehughes.co.nz,apify xero-advisor 2026-09-16,NONE — scraped directory
results@jdw.co.nz,jdw.co.nz,JDW Chartered Accountants Limited,Auckland,NZ,http://www.jdw.co.nz,apify xero-advisor 2026-09-16,NONE — scraped directory
shelley@jlaccounting.co.nz,jlaccounting.co.nz,J L Accounting,,NZ,http://www.jlaccounting.co.nz,apify xero-advisor 2026-09-16,NONE — scraped directory
matt@jonesaccounting.co.nz,jonesaccounting.co.nz,Jones Accounting Services Ltd,Kumeu,NZ,https://www.jonesaccounting.co.nz/#home,apify xero-advisor 2026-09-16,NONE — scraped directory
john@jpca.org.nz,jpca.org.nz,John Packham Chartered Accountants Limited,,NZ,http://www.jpca.org.nz,apify xero-advisor 2026-09-16,NONE — scraped directory
kieran@kaca.co.nz,kaca.co.nz,Kingstone and Associates Limited,Parnell,NZ,https://www.kingstoneandassociates.co.nz,apify xero-advisor 2026-09-16,NONE — scraped directory
kyle@kdgaccounting.co.nz,kdgaccounting.co.nz,KDG Ltd,New Plymouth,NZ,https://www.kdgaccounting.co.nz,apify xero-advisor 2026-09-16,NONE — scraped directory
jennifer@kgaww.co.nz,kgaww.co.nz,KGA Chartered Accountants Ltd,Auckland,NZ,http://kgaww.co.nz,apify xero-advisor 2026-09-16,NONE — scraped directory
mgr@kinghans.co.nz,kinghans.co.nz,Kinghans Limited CPA,Auckland,NZ,http://www.kinghan.co.nz,apify xero-advisor 2026-09-16,NONE — scraped directory
ptaylor1@kpmg.co.nz,kpmg.co.nz,KPMG,Christchurch,NZ,https://kpmg.com/nz/en/home/about/offices/timaru.html,apify xero-advisor 2026-09-16,NONE — scraped directory
jolene@lal.co.nz,lal.co.nz,Legacy Accountants Tauranga Limited,Tauranga,NZ,https://www.legacyaccountants.co.nz,apify xero-advisor 2026-09-16,NONE — scraped directory
clientcare@lifetime.co.nz,lifetime.co.nz,Coombe Smith Lifetime Property Accountants Limited,Hamilton,NZ,https://www.lifetime.co.nz,apify xero-advisor 2026-09-16,NONE — scraped directory
trish@lovetogrow.co.nz,lovetogrow.co.nz,Love To Grow,Lower Hutt,NZ,http://lovetogrow.co.nz,apify xero-advisor 2026-09-16,NONE — scraped directory
dwearne@lw.co.nz,lw.co.nz,Lellman Wearne Limited,Tauranga,NZ,http://www.lw.co.nz,apify xero-advisor 2026-09-16,NONE — scraped directory
murray.bell@malnz.co.nz,malnz.co.nz,Management Accountants Limited,Rosedale,NZ,http://www.malnz.co.nz,apify xero-advisor 2026-09-16,NONE — scraped directory
martinwakefieldlimited@martinwakefield.co.nz,martinwakefield.co.nz,Martin Wakefield Ltd,Timaru,NZ,https://martinwakefield.co.nz,apify xero-advisor 2026-09-16,NONE — scraped directory
hamish@mathesonrae.co.nz,mathesonrae.co.nz,Matheson Rae Chartered Accountants Limited,Christchurch,NZ,https://www.mathesonrae.co.nz,apify xero-advisor 2026-09-16,NONE — scraped directory
nigel@mbsadvisors.co.nz,mbsadvisors.co.nz,MBS Advisors,Morrinsville,NZ,https://www.mbsadvisors.co.nz,apify xero-advisor 2026-09-16,NONE — scraped directory
glynis@mc2ca.co.nz,mc2ca.co.nz,Monteck Carter,Auckland,NZ,http://www.mc2ca.co.nz,apify xero-advisor 2026-09-16,NONE — scraped directory
mcp@mcp.co.nz,mcp.co.nz,McCulloch + Partners,Invercargill,NZ,http://www.mcp.co.nz,apify xero-advisor 2026-09-16,NONE — scraped directory
mike@merel.co.nz,merel.co.nz,Mike Renner & Associates Ltd,Auckland,NZ,http://www.merel.co.nz,apify xero-advisor 2026-09-16,NONE — scraped directory
mgiaucklandlimited@mginz.co.nz,mginz.co.nz,MGI+MORE,Auckland,NZ,http://www.mginz.co.nz,apify xero-advisor 2026-09-16,NONE — scraped directory
olivia@mhco.co.nz,mhco.co.nz,Maisey Harris & Co.,Hamilton,NZ,https://mhco.co.nz,apify xero-advisor 2026-09-16,NONE — scraped directory
duncan@millermountfort.co.nz,millermountfort.co.nz,Mountfort & Associates Limited Chartered Accountants,,NZ,http://www.millermountfort.co.nz/index.html,apify xero-advisor 2026-09-16,NONE — scraped directory
alanm@mpltd.co.nz,mpltd.co.nz,Macdonald Perniskie Limited,Gore,NZ,http://mpltd.co.nz,apify xero-advisor 2026-09-16,NONE — scraped directory
sheechow@mrchow.co.nz,mrchow.co.nz,Marsden Robinson Chow Limited,Auckland,NZ,http://www.mrchow.co.nz,apify xero-advisor 2026-09-16,NONE — scraped directory
advice@myaccountants.co.nz,myaccountants.co.nz,My Accountants,Dargaville,NZ,http://www.myaccountants.co.nz,apify xero-advisor 2026-09-16,NONE — scraped directory
example@mysite.com,mysite.com,Equation Limited,Christchurch,NZ,http://www.equation.co.nz,apify xero-advisor 2026-09-16,NONE — scraped directory
nerissa@nctbk.co.nz,nctbk.co.nz,north canterbury tax limited,Rangiora,NZ,http://www.nctbk.co.nz,apify xero-advisor 2026-09-16,NONE — scraped directory
abillington@nexiaauckland.co.nz,nexiaauckland.co.nz,Nexia New Zealand,Christchurch,NZ,https://www.nexia.co.nz,apify xero-advisor 2026-09-16,NONE — scraped directory
ahastie@nexiachch.co.nz,nexiachch.co.nz,Nexia New Zealand,Christchurch,NZ,https://www.nexia.co.nz,apify xero-advisor 2026-09-16,NONE — scraped directory
hpringle@nexiahb.co.nz,nexiahb.co.nz,Nexia New Zealand,Christchurch,NZ,https://www.nexia.co.nz,apify xero-advisor 2026-09-16,NONE — scraped directory
luke@nextadvisory.nz,nextadvisory.nz,nextAdvisory Limited,Auckland,NZ,http://www.nextadvisory.nz,apify xero-advisor 2026-09-16,NONE — scraped directory
kim@nimba.co.nz,nimba.co.nz,Nimba Limited,Ashburton,NZ,https://www.nimba.co.nz,apify xero-advisor 2026-09-16,NONE — scraped directory
scotty@nowonline.nz,nowonline.nz,Foundry56 Ltd,Timaru,NZ,https://foundry56.nz,apify xero-advisor 2026-09-16,NONE — scraped directory
angela.hodges@nztaxdesk.co.nz,nztaxdesk.co.nz,NZ Tax Desk Ltd,Hamilton,NZ,http://www.nztaxdesk.co.nz,apify xero-advisor 2026-09-16,NONE — scraped directory
0fd2930120484402ac9adfb9e05cacd5@o37417.ingest.sentry.io,o37417.ingest.sentry.io,Simple Accounting Services Limited,Wellington,NZ,http://accountantswellington.co.nz,apify xero-advisor 2026-09-16,NONE — scraped directory
hugh@oakpark.co.nz,oakpark.co.nz,Oak Park Chartered Accountants Ltd,Wellington,NZ,http://www.oakpark.co.nz,apify xero-advisor 2026-09-16,NONE — scraped directory
sarah.collie@ocr.co.nz,ocr.co.nz,O'Connor Richmond Ltd,Gore,NZ,http://www.ocr.co.nz,apify xero-advisor 2026-09-16,NONE — scraped directory
mailbox@oldershaw.co.nz,oldershaw.co.nz,Oldershaw & Co Limited - Chartered Accountants,Napier,NZ,http://www.oldershaw.co.nz,apify xero-advisor 2026-09-16,NONE — scraped directory
sarah@olexaccounting.co.nz,olexaccounting.co.nz,Olex Accounting Limited,Christchurch,NZ,https://www.olexaccounting.co.nz,apify xero-advisor 2026-09-16,NONE — scraped directory
jason@osbornegroup.co.nz,osbornegroup.co.nz,Osborne Group,Masterton,NZ,http://www.osbornegroup.co.nz,apify xero-advisor 2026-09-16,NONE — scraped directory
hey@outsideaccounting.co.nz,outsideaccounting.co.nz,Outside Accounting,Wellington,NZ,http://www.outsideaccounting.co.nz,apify xero-advisor 2026-09-16,NONE — scraped directory
audit@owenmcleod.co.nz,owenmcleod.co.nz,Owen McLeod & Co Ltd,Hamilton,NZ,http://www.owenmcleod.co.nz,apify xero-advisor 2026-09-16,NONE — scraped directory
belindac@oxfordedge.co.nz,oxfordedge.co.nz,Oxford Edge,Christchurch,NZ,https://www.oxfordedge.co.nz,apify xero-advisor 2026-09-16,NONE — scraped directory
john@pcca.co.nz,pcca.co.nz,Phibbs & Co Limited,Auckland,NZ,http://www.pcca.co.nz,apify xero-advisor 2026-09-16,NONE — scraped directory
paul@pearce.co.nz,pearce.co.nz,Paul Pearce Chartered Accountants,Palmerston North,NZ,https://www.pearce.co.nz,apify xero-advisor 2026-09-16,NONE — scraped directory
carole.adair@ph.co.nz,ph.co.nz,Polson Higgs,Dunedin,NZ,http://www.ph.co.nz,apify xero-advisor 2026-09-16,NONE — scraped directory
chris.asquith@phwealth.co.nz,phwealth.co.nz,Polson Higgs,Dunedin,NZ,http://www.ph.co.nz,apify xero-advisor 2026-09-16,NONE — scraped directory
matt@pixelspread.com,pixelspread.com,Dr. Su Chartered Accountants & Advisory,Auckland,NZ,http://srrs.co.nz,apify xero-advisor 2026-09-16,NONE — scraped directory
beachlands@pjmca.co.nz,pjmca.co.nz,Peat Johnson Murray Limited,Auckland,NZ,http://www.pjmca.co.nz,apify xero-advisor 2026-09-16,NONE — scraped directory
alison.glover@pkf.co.nz,pkf.co.nz,PKF Dunedin Ltd,Dunedin,NZ,https://www.pkfd.nz,apify xero-advisor 2026-09-16,NONE — scraped directory
ayla.pene@pkffn.co.nz,pkffn.co.nz,PKF Far North Limited,Kaitaia,NZ,https://www.pkffn.co.nz,apify xero-advisor 2026-09-16,NONE — scraped directory
trish.mccormack@pkfkendons.co.nz,pkfkendons.co.nz,Barlow McCormack Limited,Lower Hutt,NZ,http://www.barlowmccormack.co.nz,apify xero-advisor 2026-09-16,NONE — scraped directory
michelle@privateaccounting.co.nz,privateaccounting.co.nz,Private Accounting Limited,Auckland,NZ,https://www.privateaccounting.co.nz,apify xero-advisor 2026-09-16,NONE — scraped directory
geoff@prosser-quirke.co.nz,prosser-quirke.co.nz,Prosser Quirke Limited,Rangiora,NZ,http://www.prosser-quirke.co.nz/home,apify xero-advisor 2026-09-16,NONE — scraped directory
bryan@pttca.co.nz,pttca.co.nz,Pocock Tong Trass Limited,Wellington,NZ,http://www.pocockhudson.co.nz,apify xero-advisor 2026-09-16,NONE — scraped directory
pulseaccountants@pulseaccountants.co.nz,pulseaccountants.co.nz,Pulse Accountants,Napier,NZ,https://www.pulseaccountants.co.nz,apify xero-advisor 2026-09-16,NONE — scraped directory
juanita.j.victor@pwc.com,pwc.com,PwC Christchurch,Christchurch,NZ,http://www.pwc.co.nz,apify xero-advisor 2026-09-16,NONE — scraped directory
accountants@realca.co.nz,realca.co.nz,REAL Chartered Accountants Ltd,Tauranga,NZ,http://www.realca.co.nz,apify xero-advisor 2026-09-16,NONE — scraped directory
rebappointment@rebiz.nz,rebiz.nz,REB Group Limited,Auckland,NZ,http://rebiz.nz,apify xero-advisor 2026-09-16,NONE — scraped directory
raelene@reesaccounting.co.nz,reesaccounting.co.nz,Raelene Rees Chartered Accountants,Christchurch,NZ,http://www.reesaccounting.co.nz,apify xero-advisor 2026-09-16,NONE — scraped directory
kellie@released.co.nz,released.co.nz,Released,Kumeū,NZ,http://www.released.co.nz,apify xero-advisor 2026-09-16,NONE — scraped directory
dave@responsiv.net,responsiv.net,Capital Hill Business Solutions Limited,Auckland,NZ,http://www.capitalhill.co.nz,apify xero-advisor 2026-09-16,NONE — scraped directory
kiaora@rezource.nz,rezource.nz,Rezource Limited,Nelson,NZ,https://www.rezource.nz,apify xero-advisor 2026-09-16,NONE — scraped directory
james@rjpreston.co.nz,rjpreston.co.nz,RJ Preston Ltd,,NZ,http://rjpreston.co.nz,apify xero-advisor 2026-09-16,NONE — scraped directory
devonport@rochdale.co.nz,rochdale.co.nz,Rochdale Advisory Group Gisborne Limited,Gisborne,NZ,http://www.rochdale.co.nz,apify xero-advisor 2026-09-16,NONE — scraped directory
6ba8127d0e414e859787004ab79d1417@rodgers.net.nz,rodgers.net.nz,Rodgers & Co Ltd,Christchurch,NZ,http://www.rodgers.net.nz,apify xero-advisor 2026-09-16,NONE — scraped directory
accountants@rotto.co.nz,rotto.co.nz,Rotto & Associates,Queenstown,NZ,https://www.rotto.co.nz,apify xero-advisor 2026-09-16,NONE — scraped directory
robert@rpal.co.nz,rpal.co.nz,Robert Purchas & Associates,Christchurch,NZ,http://www.rpal.co.nz,apify xero-advisor 2026-09-16,NONE — scraped directory
letstalk@rwcanelson.co.nz,rwcanelson.co.nz,RWCA Limited,Nelson,NZ,http://www.rwcanelson.co.nz/about/team,apify xero-advisor 2026-09-16,NONE — scraped directory
sandra@sandramoulder.com,sandramoulder.com,Sandra Moulder CA,Auckland,NZ,http://www.sandramoulder.com,apify xero-advisor 2026-09-16,NONE — scraped directory
julie@sbatsaccounting.co.nz,sbatsaccounting.co.nz,Sbats Accounting Ltd,Orewa,NZ,https://sbatsaccounting.co.nz/contact,apify xero-advisor 2026-09-16,NONE — scraped directory
jono@schooled.nz,schooled.nz,Canterbury Education Services (CES) Ltd,Christchurch,NZ,https://www.schooled.nz/looking-for-ces,apify xero-advisor 2026-09-16,NONE — scraped directory
scott@schurrireland.co.nz,schurrireland.co.nz,Schurr and Ireland Chartered Accountants,New Plymouth,NZ,http://schurrireland.co.nz,apify xero-advisor 2026-09-16,NONE — scraped directory
sellar@sellar.co.nz,sellar.co.nz,Sellar & Sellar,Masterton,NZ,http://www.sellar.co.nz,apify xero-advisor 2026-09-16,NONE — scraped directory
accountants@sgco.nz,sgco.nz,Sutcliffe Graham & Co,Tauranga,NZ,http://www.sutcliffeandco.co.nz,apify xero-advisor 2026-09-16,NONE — scraped directory
doug.bradshaw@shca.co.nz,shca.co.nz,Shepherd Hensman Ltd,Hastings,NZ,http://www.shca.co.nz,apify xero-advisor 2026-09-16,NONE — scraped directory
bronwyn@sheppard-ormsby.co.nz,sheppard-ormsby.co.nz,Beelign Limited,Christchurch,NZ,https://www.sheppard-ormsby.co.nz,apify xero-advisor 2026-09-16,NONE — scraped directory
rachel@shufflehub.co.nz,shufflehub.co.nz,Shufflehub,Queenstown,NZ,https://www.shufflehub.co.nz,apify xero-advisor 2026-09-16,NONE — scraped directory
ric@sidekickca.co.nz,sidekickca.co.nz,Sidekick Christchurch,Christchurch,NZ,http://sidekickca.co.nz,apify xero-advisor 2026-09-16,NONE — scraped directory
lisa@sidekickcommercial.co.nz,sidekickcommercial.co.nz,Sidekick Christchurch,Christchurch,NZ,http://sidekickca.co.nz,apify xero-advisor 2026-09-16,NONE — scraped directory
monique@sidekickwanaka.co.nz,sidekickwanaka.co.nz,Sidekick Timaru,Timaru,NZ,https://sidekickca.co.nz/timaru-accountants,apify xero-advisor 2026-09-16,NONE — scraped directory
mailbox@singletonmercer.co.nz,singletonmercer.co.nz,Singleton Mercer Limited,Auckland,NZ,https://www.singletonmercer.co.nz,apify xero-advisor 2026-09-16,NONE — scraped directory
timaru@skca.co.nz,skca.co.nz,Sidekick Timaru,Timaru,NZ,https://sidekickca.co.nz/timaru-accountants,apify xero-advisor 2026-09-16,NONE — scraped directory
mark@smartaccountingsolutions.co.nz,smartaccountingsolutions.co.nz,Smart Accounting Solutions Limited,Upper Hutt,NZ,http://www.smartaccountingsolutions.co.nz,apify xero-advisor 2026-09-16,NONE — scraped directory
donna@smartbookkeeping.co.nz,smartbookkeeping.co.nz,Smart Bookkeeping Ltd,Red Beach,NZ,https://www.smartbookkeeping.co.nz,apify xero-advisor 2026-09-16,NONE — scraped directory
tracey@smithandjack.co.nz,smithandjack.co.nz,Smith & Jack Ltd,Christchurch,NZ,https://www.smithandjack.co.nz,apify xero-advisor 2026-09-16,NONE — scraped directory
lisa@socialcurrency.co.nz,socialcurrency.co.nz,Social Currency Investments Limited,Christchurch,NZ,http://www.socialcurrency.co.nz,apify xero-advisor 2026-09-16,NONE — scraped directory
andrew.j@solveca.co.nz,solveca.co.nz,Solve Chartered Accountants Limited,Timaru,NZ,https://www.solveca.co.nz/our-talented-team,apify xero-advisor 2026-09-16,NONE — scraped directory
ca@sosa.co.nz,sosa.co.nz,Southey Sayer Limited,Masterton,NZ,http://www.sosa.co.nz,apify xero-advisor 2026-09-16,NONE — scraped directory
sjl@stephenlarsenandco.co.nz,stephenlarsenandco.co.nz,Stephen Larsen and Co,Palmerston North,NZ,http://www.stephenlarsenandco.co.nz,apify xero-advisor 2026-09-16,NONE — scraped directory
cathy@switchltd.co.nz,switchltd.co.nz,Switch Accountants (2017) Limited,Whakatane,NZ,http://switchltd.co.nz,apify xero-advisor 2026-09-16,NONE — scraped directory
amy.banks@tagusin.co.nz,tagusin.co.nz,TAG Business Services Ltd,Cambridge,NZ,http://www.tagusin.co.nz,apify xero-advisor 2026-09-16,NONE — scraped directory
hq@taxagent99.co.nz,taxagent99.co.nz,Tax Agent 99 Ltd,Tauranga,NZ,http://www.taxagent99.co.nz,apify xero-advisor 2026-09-16,NONE — scraped directory
dennis@taxman.co.nz,taxman.co.nz,Dennis O'Grady Ltd,Lower Hutt,NZ,https://www.taxman.co.nz,apify xero-advisor 2026-09-16,NONE — scraped directory
ranjana@taxprofessioanls.co.nz,taxprofessioanls.co.nz,Tax Professionals,Auckland,NZ,https://www.taxprofessionals.co.nz,apify xero-advisor 2026-09-16,NONE — scraped directory
varun@taxprofessionals.co.nz,taxprofessionals.co.nz,Tax Professionals,Auckland,NZ,https://www.taxprofessionals.co.nz,apify xero-advisor 2026-09-16,NONE — scraped directory
arran@tbo.nz,tbo.nz,The Back Office Company NZ Ltd,Newmarket,NZ,http://www.tbo.nz,apify xero-advisor 2026-09-16,NONE — scraped directory
richmond@tdca.co.nz,tdca.co.nz,Thompson Daly Chartered Accountants,Richmond,NZ,https://thompsondaly.co.nz,apify xero-advisor 2026-09-16,NONE — scraped directory
jo@theaccountingroom.co.nz,theaccountingroom.co.nz,The Accounting Room Limited,New Plymouth,NZ,http://www.theaccountingroom.co.nz,apify xero-advisor 2026-09-16,NONE — scraped directory
accountant@thepractice.co.nz,thepractice.co.nz,The Practice Consultants Limited,Auckland,NZ,http://www.thepractice.co.nz,apify xero-advisor 2026-09-16,NONE — scraped directory
kate@theschooloffice.co.nz,theschooloffice.co.nz,The School Office Limited,Pukehina,NZ,http://www.theschooloffice.co.nz,apify xero-advisor 2026-09-16,NONE — scraped directory
daniel@theschooloffice.com,theschooloffice.com,The School Office Limited,Pukehina,NZ,http://www.theschooloffice.co.nz,apify xero-advisor 2026-09-16,NONE — scraped directory
findoutmore@thesoftwarecoach.co.nz,thesoftwarecoach.co.nz,The Software Coach Limited,Christchurch,NZ,https://www.thesoftwarecoach.co.nz,apify xero-advisor 2026-09-16,NONE — scraped directory
hamish@thomsens.co.nz,thomsens.co.nz,Thomsens Chartered Accountants,Napier,NZ,https://www.thomsens.co.nz,apify xero-advisor 2026-09-16,NONE — scraped directory
timbo@timfleming.nz,timfleming.nz,Tim Fleming Associates Limited,Auckland,NZ,http://timfleming.co.nz,apify xero-advisor 2026-09-16,NONE — scraped directory
melanie@trainingandbeyond.co.nz,trainingandbeyond.co.nz,Training and Beyond Ltd,,NZ,http://www.trainingandbeyond.co.nz,apify xero-advisor 2026-09-16,NONE — scraped directory
geoff@tva.co.nz,tva.co.nz,TvA Limited,Blenheim,NZ,http://www.tva.co.nz,apify xero-advisor 2026-09-16,NONE — scraped directory
sungeshs@uhyhn.co.nz,uhyhn.co.nz,UHY Haines Norton (Auckland) Ltd,Auckland,NZ,http://www.uhyhn.co.nz,apify xero-advisor 2026-09-16,NONE — scraped directory
tracey.bryant@unlimit.co.nz,unlimit.co.nz,Velocite,New Plymouth,NZ,https://www.unlimit.co.nz,apify xero-advisor 2026-09-16,NONE — scraped directory
carole@walthallward.co.nz,walthallward.co.nz,Walthall Ward Limited,Auckland,NZ,http://www.walthallward.co.nz,apify xero-advisor 2026-09-16,NONE — scraped directory
wayne@waynefrench.co.nz,waynefrench.co.nz,French & Associates Limited,Dunedin,NZ,https://frenchandassociates.co.nz,apify xero-advisor 2026-09-16,NONE — scraped directory
accountant@webster.co.nz,webster.co.nz,Webster & Company Limited,Auckland,NZ,https://www.webster.co.nz,apify xero-advisor 2026-09-16,NONE — scraped directory
rj@webwidgets.co.nz,webwidgets.co.nz,PBS Accounting - Chartered Accountants,Whitianga,NZ,https://www.pbservices.net.nz,apify xero-advisor 2026-09-16,NONE — scraped directory
wheelercampbell@wheelercampbell.onmicrosoft.com,wheelercampbell.onmicrosoft.com,Wheeler Campbell,Feilding,NZ,http://www.wcca.co.nz,apify xero-advisor 2026-09-16,NONE — scraped directory
wow@williamsonca.co.nz,williamsonca.co.nz,Williamson & Co Chartered Accountants Limited,Pukekohe,NZ,http://www.williamsonca.co.nz,apify xero-advisor 2026-09-16,NONE — scraped directory
christchurch@wk.co.nz,wk.co.nz,WK Advisors and Accountants Limited,Blenheim,NZ,https://www.wk.co.nz/contact,apify xero-advisor 2026-09-16,NONE — scraped directory
kirsty@wwc.co.nz,wwc.co.nz,Whitelaw Weber Limited,Kerikeri,NZ,http://www.wwc.co.nz,apify xero-advisor 2026-09-16,NONE — scraped directory
berntsen@xtra.co.nz,xtra.co.nz,Gary Berntsen Accounting and Taxation Services Ltd,Napier,NZ,http://www.berntsengary.co.nz,apify xero-advisor 2026-09-16,NONE — scraped directory
sarah@yourbusiness.co.nz,yourbusiness.co.nz,Jiten Joshi & Associates Limited T/A Tax Hero Accountants,Auckland,NZ,http://www.taxhero.co.nz,apify xero-advisor 2026-09-16,NONE — scraped directory
shares@yovich.co.nz,yovich.co.nz,YHPJ Limited,Whangarei,NZ,http://www.yovich.co.nz,apify xero-advisor 2026-09-16,NONE — scraped directory
vasb@zpvn.pb.am,zpvn.pb.am,MCI & Associates Limited,Dannevirke,NZ,http://www.mcia.co.nz,apify xero-advisor 2026-09-16,NONE — scraped directory
