id,to,first_name,company,industry,subject,body
P050,josh@goldfront.com,Josh,Gold Front,branding,"Quick QBO collections question for Josh","Hi Josh,

Quick question: any QBO invoice on your books right now that's 14+ days overdue — big enough to matter, but awkward to chase because the client is still active?

I'm building Collectly for small studios and agencies on QuickBooks who do project work and live with awkward 2-4 week follow-up cycles. We use tone-aware AI to send the nudge so it doesn't read like a robot or burn the relationship. Early, live, starting with a small batch before broad launch.

Worth a 2-min Loom?

Davie Mugambi

---

Davie Mugambi · Collectly · getcollectly.app

If this isn't relevant, you can unsubscribe here:
https://getcollectly.app/api/unsubscribe?token={{unsu…oken}}"
P051,victor@readyartwork.com,Victor,Ready Artwork,web_design,"Quick QBO collections question for Victor","Hi Victor,

Quick question: any QBO invoice on your books right now that's 14+ days overdue — big enough to matter, but awkward to chase because the client is still active?

I'm building Collectly for small studios and agencies on QuickBooks who do project work and live with awkward 2-4 week follow-up cycles. We use tone-aware AI to send the nudge so it doesn't read like a robot or burn the relationship. Early, live, starting with a small batch before broad launch.

Worth a 2-min Loom?

Davie Mugambi

---

Davie Mugambi · Collectly · getcollectly.app

If this isn't relevant, you can unsubscribe here:
https://getcollectly.app/api/unsubscribe?token={{unsu…oken}}"
P052,james@tronviggroup.com,James,Tronvig,branding,"Quick QBO collections question for James","Hi James,

Quick question: any QBO invoice on your books right now that's 14+ days overdue — big enough to matter, but awkward to chase because the client is still active?

I'm building Collectly for small studios and agencies on QuickBooks who do project work and live with awkward 2-4 week follow-up cycles. We use tone-aware AI to send the nudge so it doesn't read like a robot or burn the relationship. Early, live, starting with a small batch before broad launch.

Worth a 2-min Loom?

Davie Mugambi

---

Davie Mugambi · Collectly · getcollectly.app

If this isn't relevant, you can unsubscribe here:
https://getcollectly.app/api/unsubscribe?token={{unsu…oken}}"
P041,samuel.rawlings@firstratemarketing.com,Samuel,First Rate Marketing,digital_marketing,"Quick QBO collections question for Samuel","Hi Samuel,

Quick question: any QBO invoice on your books right now that's 14+ days overdue — big enough to matter, but awkward to chase because the client is still active?

I'm building Collectly for small studios and agencies on QuickBooks who do project work and live with awkward 2-4 week follow-up cycles. We use tone-aware AI to send the nudge so it doesn't read like a robot or burn the relationship. Early, live, starting with a small batch before broad launch.

Worth a 2-min Loom?

Davie Mugambi

---

Davie Mugambi · Collectly · getcollectly.app

If this isn't relevant, you can unsubscribe here:
https://getcollectly.app/api/unsubscribe?token={{unsu…oken}}"
P043,philip.young@birdmarketing.co.uk,Philip,Bird Marketing,digital_marketing,"Quick QBO collections question for Philip","Hi Philip,

Quick question: any QBO invoice on your books right now that's 14+ days overdue — big enough to matter, but awkward to chase because the client is still active?

I'm building Collectly for small studios and agencies on QuickBooks who do project work and live with awkward 2-4 week follow-up cycles. We use tone-aware AI to send the nudge so it doesn't read like a robot or burn the relationship. Early, live, starting with a small batch before broad launch.

Worth a 2-min Loom?

Davie Mugambi

---

Davie Mugambi · Collectly · getcollectly.app

If this isn't relevant, you can unsubscribe here:
https://getcollectly.app/api/unsubscribe?token={{unsu…oken}}"
P045,markerle@soapmedia.co.uk,Markerle,Soap Media,digital_marketing,"Quick QBO collections question for Markerle","Hi Markerle,

Quick question: any QBO invoice on your books right now that's 14+ days overdue — big enough to matter, but awkward to chase because the client is still active?

I'm building Collectly for small studios and agencies on QuickBooks who do project work and live with awkward 2-4 week follow-up cycles. We use tone-aware AI to send the nudge so it doesn't read like a robot or burn the relationship. Early, live, starting with a small batch before broad launch.

Worth a 2-min Loom?

Davie Mugambi

---

Davie Mugambi · Collectly · getcollectly.app

If this isn't relevant, you can unsubscribe here:
https://getcollectly.app/api/unsubscribe?token={{unsu…oken}}"
P046,kim@squibble.design,Kim,Squibble,web_design,"Quick QBO collections question for Kim","Hi Kim,

Quick question: any QBO invoice on your books right now that's 14+ days overdue — big enough to matter, but awkward to chase because the client is still active?

I'm building Collectly for small studios and agencies on QuickBooks who do project work and live with awkward 2-4 week follow-up cycles. We use tone-aware AI to send the nudge so it doesn't read like a robot or burn the relationship. Early, live, starting with a small batch before broad launch.

Worth a 2-min Loom?

Davie Mugambi

---

Davie Mugambi · Collectly · getcollectly.app

If this isn't relevant, you can unsubscribe here:
https://getcollectly.app/api/unsubscribe?token={{unsu…oken}}"
P048,lee@polar.agency,Lee,Polar,web_design,"Quick QBO collections question for Lee","Hi Lee,

Quick question: any QBO invoice on your books right now that's 14+ days overdue — big enough to matter, but awkward to chase because the client is still active?

I'm building Collectly for small studios and agencies on QuickBooks who do project work and live with awkward 2-4 week follow-up cycles. We use tone-aware AI to send the nudge so it doesn't read like a robot or burn the relationship. Early, live, starting with a small batch before broad launch.

Worth a 2-min Loom?

Davie Mugambi

---

Davie Mugambi · Collectly · getcollectly.app

If this isn't relevant, you can unsubscribe here:
https://getcollectly.app/api/unsubscribe?token={{unsu…oken}}"
