id,to,first_name,company,industry,subject,body
P050,josh@goldfront.com,Josh,Gold Front,branding,Quick question,"Hi Josh,

Quick question — when an invoice goes 2–3 weeks overdue at Gold Front, who's the person who actually follows up?

I've been talking to a few agency founders who say it's usually them, and it's the part of the job they like least. I'm working on something to take that off their plate.

Worth a 2-minute call?

Davie

---

If this isn't relevant, you can unsubscribe here:
https://getcollectly.app/api/unsubscribe?token=***}
"
P051,victor@readyartwork.com,Victor,Ready Artwork,web_design,Quick question,"Hi Victor,

Quick question — when an invoice goes 2–3 weeks overdue at Ready Artwork, who's the person who actually follows up?

I've been talking to a few agency founders who say it's usually them, and it's the part of the job they like least. I'm working on something to take that off their plate.

Worth a 2-minute call?

Davie

---

If this isn't relevant, you can unsubscribe here:
https://getcollectly.app/api/unsubscribe?token=***}
"
P052,james@tronviggroup.com,James,Tronvig,branding,Quick question,"Hi James,

Quick question — when an invoice goes 2–3 weeks overdue at Tronvig, who's the person who actually follows up?

I've been talking to a few agency founders who say it's usually them, and it's the part of the job they like least. I'm working on something to take that off their plate.

Worth a 2-minute call?

Davie

---

If this isn't relevant, you can unsubscribe here:
https://getcollectly.app/api/unsubscribe?token=***}
"
P041,samuel.rawlings@firstratemarketing.com,Samuel,First Rate Marketing,digital_marketing,Quick question,"Hi Samuel,

Quick question — when an invoice goes 2–3 weeks overdue at First Rate Marketing, who's the person who actually follows up?

I've been talking to a few agency founders who say it's usually them, and it's the part of the job they like least. I'm working on something to take that off their plate.

Worth a 2-minute call?

Davie

---

If this isn't relevant, you can unsubscribe here:
https://getcollectly.app/api/unsubscribe?token=***}
"
P043,philip.young@birdmarketing.co.uk,Philip,Bird Marketing,digital_marketing,Quick question,"Hi Philip,

Quick question — when an invoice goes 2–3 weeks overdue at Bird Marketing, who's the person who actually follows up?

I've been talking to a few agency founders who say it's usually them, and it's the part of the job they like least. I'm working on something to take that off their plate.

Worth a 2-minute call?

Davie

---

If this isn't relevant, you can unsubscribe here:
https://getcollectly.app/api/unsubscribe?token=***}
"
P045,markerle@soapmedia.co.uk,Markerle,Soap Media,digital_marketing,Quick question,"Hi Markerle,

Quick question — when an invoice goes 2–3 weeks overdue at Soap Media, who's the person who actually follows up?

I've been talking to a few agency founders who say it's usually them, and it's the part of the job they like least. I'm working on something to take that off their plate.

Worth a 2-minute call?

Davie

---

If this isn't relevant, you can unsubscribe here:
https://getcollectly.app/api/unsubscribe?token=***}
"
P046,kim@squibble.design,Kim,Squibble,web_design,Quick question,"Hi Kim,

Quick question — when an invoice goes 2–3 weeks overdue at Squibble, who's the person who actually follows up?

I've been talking to a few agency founders who say it's usually them, and it's the part of the job they like least. I'm working on something to take that off their plate.

Worth a 2-minute call?

Davie

---

If this isn't relevant, you can unsubscribe here:
https://getcollectly.app/api/unsubscribe?token=***}
"
P048,lee@polar.agency,Lee,Polar,web_design,Quick question,"Hi Lee,

Quick question — when an invoice goes 2–3 weeks overdue at Polar, who's the person who actually follows up?

I've been talking to a few agency founders who say it's usually them, and it's the part of the job they like least. I'm working on something to take that off their plate.

Worth a 2-minute call?

Davie

---

If this isn't relevant, you can unsubscribe here:
https://getcollectly.app/api/unsubscribe?token=***}
"
